review_id,text,rating,sentiment,product_category,text_clean_classique,text_clean_light
1,Great value for money,4,positive,fashion,great value money,great value for money
2,"I love it, will definitely buy again",5,positive,home,love definitely buy,"i love it, will definitely buy again"
3,Works perfectly and arrived quickly,5,positive,home,work perfectly arrived quickly,works perfectly and arrived quickly
4,Decent quality for the price,3,neutral,fashion,decent quality price,decent quality for the price
5,"Terrible product, broke after one use",1,negative,home,terrible product broke one use,"terrible product, broke after one use"
6,It works as expected,3,neutral,home,work expected,it works as expected
7,Decent quality for the price,3,neutral,electronics,decent quality price,decent quality for the price
8,Not bad but not great either,3,neutral,home,bad great either,not bad but not great either
9,Very disappointed with the quality,2,negative,electronics,disappointed quality,very disappointed with the quality
10,Decent quality for the price,3,neutral,fashion,decent quality price,decent quality for the price
11,Decent quality for the price,3,neutral,fashion,decent quality price,decent quality for the price
12,Very disappointed with the quality,2,negative,fashion,disappointed quality,very disappointed with the quality
13,"Excellent product, very satisfied with the quality",4,positive,fashion,excellent product satisfied quality,"excellent product, very satisfied with the quality"
14,It works as expected,3,neutral,electronics,work expected,it works as expected
15,"I love it, will definitely buy again",4,positive,electronics,love definitely buy,"i love it, will definitely buy again"
16,Poor performance and bad design,1,negative,fashion,poor performance bad design,poor performance and bad design
17,"I love it, will definitely buy again",4,positive,fashion,love definitely buy,"i love it, will definitely buy again"
18,"Terrible product, broke after one use",1,negative,electronics,terrible product broke one use,"terrible product, broke after one use"
19,Customer service was awful,1,negative,fashion,customer service awful,customer service was awful
20,"Excellent product, very satisfied with the quality",5,positive,electronics,excellent product satisfied quality,"excellent product, very satisfied with the quality"
21,It works as expected,3,neutral,electronics,work expected,it works as expected
22,"I love it, will definitely buy again",4,positive,electronics,love definitely buy,"i love it, will definitely buy again"
23,"Excellent product, very satisfied with the quality",5,positive,fashion,excellent product satisfied quality,"excellent product, very satisfied with the quality"
24,Great value for money,4,positive,electronics,great value money,great value for money
25,Works perfectly and arrived quickly,4,positive,electronics,work perfectly arrived quickly,works perfectly and arrived quickly
26,"Waste of money, not recommended",1,negative,fashion,waste money recommended,"waste of money, not recommended"
27,"I love it, will definitely buy again",4,positive,fashion,love definitely buy,"i love it, will definitely buy again"
28,Poor performance and bad design,1,negative,fashion,poor performance bad design,poor performance and bad design
29,Poor performance and bad design,2,negative,electronics,poor performance bad design,poor performance and bad design
30,"It's okay, does the job",3,neutral,electronics,okay job,"it's okay, does the job"
31,"Terrible product, broke after one use",1,negative,electronics,terrible product broke one use,"terrible product, broke after one use"
32,"Amazing experience, highly recommend this",4,positive,home,amazing experience highly recommend,"amazing experience, highly recommend this"
33,"Excellent product, very satisfied with the quality",5,positive,electronics,excellent product satisfied quality,"excellent product, very satisfied with the quality"
34,Customer service was awful,1,negative,electronics,customer service awful,customer service was awful
35,Not bad but not great either,3,neutral,fashion,bad great either,not bad but not great either
36,Poor performance and bad design,1,negative,home,poor performance bad design,poor performance and bad design
37,"It's okay, does the job",3,neutral,fashion,okay job,"it's okay, does the job"
38,"Average product, nothing special",3,neutral,fashion,average product nothing special,"average product, nothing special"
39,"I love it, will definitely buy again",4,positive,electronics,love definitely buy,"i love it, will definitely buy again"
40,Works perfectly and arrived quickly,5,positive,fashion,work perfectly arrived quickly,works perfectly and arrived quickly
41,Very disappointed with the quality,1,negative,fashion,disappointed quality,very disappointed with the quality
42,Not bad but not great either,3,neutral,home,bad great either,not bad but not great either
43,It works as expected,3,neutral,electronics,work expected,it works as expected
44,Great value for money,4,positive,fashion,great value money,great value for money
45,Not bad but not great either,3,neutral,electronics,bad great either,not bad but not great either
46,Customer service was awful,2,negative,electronics,customer service awful,customer service was awful
47,"Waste of money, not recommended",2,negative,fashion,waste money recommended,"waste of money, not recommended"
48,Great value for money,4,positive,home,great value money,great value for money
49,Works perfectly and arrived quickly,4,positive,fashion,work perfectly arrived quickly,works perfectly and arrived quickly
50,Not bad but not great either,3,neutral,home,bad great either,not bad but not great either
51,Customer service was awful,2,negative,home,customer service awful,customer service was awful
52,Works perfectly and arrived quickly,5,positive,electronics,work perfectly arrived quickly,works perfectly and arrived quickly
53,Decent quality for the price,3,neutral,home,decent quality price,decent quality for the price
54,"Average product, nothing special",3,neutral,home,average product nothing special,"average product, nothing special"
55,"Excellent product, very satisfied with the quality",4,positive,fashion,excellent product satisfied quality,"excellent product, very satisfied with the quality"
56,"Amazing experience, highly recommend this",4,positive,electronics,amazing experience highly recommend,"amazing experience, highly recommend this"
57,"Average product, nothing special",3,neutral,home,average product nothing special,"average product, nothing special"
58,"Terrible product, broke after one use",2,negative,home,terrible product broke one use,"terrible product, broke after one use"
59,"Terrible product, broke after one use",2,negative,fashion,terrible product broke one use,"terrible product, broke after one use"
60,"Average product, nothing special",3,neutral,fashion,average product nothing special,"average product, nothing special"
61,"Terrible product, broke after one use",2,negative,fashion,terrible product broke one use,"terrible product, broke after one use"
62,Very disappointed with the quality,2,negative,home,disappointed quality,very disappointed with the quality
63,"I love it, will definitely buy again",4,positive,electronics,love definitely buy,"i love it, will definitely buy again"
64,"Excellent product, very satisfied with the quality",5,positive,electronics,excellent product satisfied quality,"excellent product, very satisfied with the quality"
65,"Average product, nothing special",3,neutral,home,average product nothing special,"average product, nothing special"
66,Poor performance and bad design,1,negative,home,poor performance bad design,poor performance and bad design
67,"Amazing experience, highly recommend this",5,positive,fashion,amazing experience highly recommend,"amazing experience, highly recommend this"
68,"It's okay, does the job",3,neutral,fashion,okay job,"it's okay, does the job"
69,Customer service was awful,1,negative,home,customer service awful,customer service was awful
70,Works perfectly and arrived quickly,4,positive,home,work perfectly arrived quickly,works perfectly and arrived quickly
71,Customer service was awful,2,negative,home,customer service awful,customer service was awful
72,Decent quality for the price,3,neutral,home,decent quality price,decent quality for the price
73,It works as expected,3,neutral,fashion,work expected,it works as expected
74,Customer service was awful,2,negative,electronics,customer service awful,customer service was awful
75,"Average product, nothing special",3,neutral,home,average product nothing special,"average product, nothing special"
76,It works as expected,3,neutral,electronics,work expected,it works as expected
77,It works as expected,3,neutral,electronics,work expected,it works as expected
78,Not bad but not great either,3,neutral,home,bad great either,not bad but not great either
79,Very disappointed with the quality,1,negative,fashion,disappointed quality,very disappointed with the quality
80,Poor performance and bad design,2,negative,fashion,poor performance bad design,poor performance and bad design
81,"Amazing experience, highly recommend this",4,positive,electronics,amazing experience highly recommend,"amazing experience, highly recommend this"
82,"It's okay, does the job",3,neutral,fashion,okay job,"it's okay, does the job"
83,It works as expected,3,neutral,fashion,work expected,it works as expected
84,"Waste of money, not recommended",1,negative,electronics,waste money recommended,"waste of money, not recommended"
85,"Terrible product, broke after one use",1,negative,electronics,terrible product broke one use,"terrible product, broke after one use"
86,"I love it, will definitely buy again",5,positive,home,love definitely buy,"i love it, will definitely buy again"
87,Great value for money,4,positive,fashion,great value money,great value for money
88,Great value for money,4,positive,home,great value money,great value for money
89,"Waste of money, not recommended",2,negative,fashion,waste money recommended,"waste of money, not recommended"
90,"Excellent product, very satisfied with the quality",5,positive,fashion,excellent product satisfied quality,"excellent product, very satisfied with the quality"
91,Great value for money,5,positive,electronics,great value money,great value for money
92,"I love it, will definitely buy again",5,positive,electronics,love definitely buy,"i love it, will definitely buy again"
93,"Amazing experience, highly recommend this",4,positive,fashion,amazing experience highly recommend,"amazing experience, highly recommend this"
94,Works perfectly and arrived quickly,4,positive,home,work perfectly arrived quickly,works perfectly and arrived quickly
95,"Terrible product, broke after one use",1,negative,home,terrible product broke one use,"terrible product, broke after one use"
96,Works perfectly and arrived quickly,4,positive,home,work perfectly arrived quickly,works perfectly and arrived quickly
97,"Terrible product, broke after one use",1,negative,fashion,terrible product broke one use,"terrible product, broke after one use"
98,"I love it, will definitely buy again",5,positive,home,love definitely buy,"i love it, will definitely buy again"
99,Very disappointed with the quality,1,negative,fashion,disappointed quality,very disappointed with the quality
100,"Average product, nothing special",3,neutral,electronics,average product nothing special,"average product, nothing special"
101,Works perfectly and arrived quickly,4,positive,electronics,work perfectly arrived quickly,works perfectly and arrived quickly
102,"Waste of money, not recommended",2,negative,home,waste money recommended,"waste of money, not recommended"
103,Works perfectly and arrived quickly,5,positive,home,work perfectly arrived quickly,works perfectly and arrived quickly
104,"I love it, will definitely buy again",4,positive,fashion,love definitely buy,"i love it, will definitely buy again"
105,Very disappointed with the quality,1,negative,electronics,disappointed quality,very disappointed with the quality
106,Customer service was awful,2,negative,fashion,customer service awful,customer service was awful
107,Poor performance and bad design,1,negative,fashion,poor performance bad design,poor performance and bad design
108,It works as expected,3,neutral,home,work expected,it works as expected
109,"Terrible product, broke after one use",1,negative,fashion,terrible product broke one use,"terrible product, broke after one use"
110,Customer service was awful,2,negative,fashion,customer service awful,customer service was awful
111,"It's okay, does the job",3,neutral,fashion,okay job,"it's okay, does the job"
112,Poor performance and bad design,2,negative,electronics,poor performance bad design,poor performance and bad design
113,"I love it, will definitely buy again",5,positive,electronics,love definitely buy,"i love it, will definitely buy again"
114,Poor performance and bad design,2,negative,electronics,poor performance bad design,poor performance and bad design
115,"It's okay, does the job",3,neutral,fashion,okay job,"it's okay, does the job"
116,It works as expected,3,neutral,fashion,work expected,it works as expected
117,"Amazing experience, highly recommend this",5,positive,electronics,amazing experience highly recommend,"amazing experience, highly recommend this"
118,"Average product, nothing special",3,neutral,electronics,average product nothing special,"average product, nothing special"
119,"Terrible product, broke after one use",2,negative,home,terrible product broke one use,"terrible product, broke after one use"
120,"Excellent product, very satisfied with the quality",4,positive,electronics,excellent product satisfied quality,"excellent product, very satisfied with the quality"
121,Poor performance and bad design,2,negative,home,poor performance bad design,poor performance and bad design
122,"Waste of money, not recommended",2,negative,electronics,waste money recommended,"waste of money, not recommended"
123,Very disappointed with the quality,2,negative,electronics,disappointed quality,very disappointed with the quality
124,"Waste of money, not recommended",2,negative,home,waste money recommended,"waste of money, not recommended"
125,"It's okay, does the job",3,neutral,home,okay job,"it's okay, does the job"
126,"Amazing experience, highly recommend this",4,positive,home,amazing experience highly recommend,"amazing experience, highly recommend this"
127,Not bad but not great either,3,neutral,home,bad great either,not bad but not great either
128,"Average product, nothing special",3,neutral,fashion,average product nothing special,"average product, nothing special"
129,"Average product, nothing special",3,neutral,home,average product nothing special,"average product, nothing special"
130,Poor performance and bad design,2,negative,home,poor performance bad design,poor performance and bad design
131,Great value for money,4,positive,home,great value money,great value for money
132,Not bad but not great either,3,neutral,electronics,bad great either,not bad but not great either
133,Works perfectly and arrived quickly,5,positive,home,work perfectly arrived quickly,works perfectly and arrived quickly
134,"Amazing experience, highly recommend this",5,positive,fashion,amazing experience highly recommend,"amazing experience, highly recommend this"
135,It works as expected,3,neutral,fashion,work expected,it works as expected
136,"It's okay, does the job",3,neutral,home,okay job,"it's okay, does the job"
137,Great value for money,5,positive,electronics,great value money,great value for money
138,Not bad but not great either,3,neutral,electronics,bad great either,not bad but not great either
139,"It's okay, does the job",3,neutral,electronics,okay job,"it's okay, does the job"
140,Very disappointed with the quality,2,negative,electronics,disappointed quality,very disappointed with the quality
141,Great value for money,5,positive,home,great value money,great value for money
142,Customer service was awful,2,negative,home,customer service awful,customer service was awful
143,"It's okay, does the job",3,neutral,electronics,okay job,"it's okay, does the job"
144,Decent quality for the price,3,neutral,home,decent quality price,decent quality for the price
145,Great value for money,4,positive,electronics,great value money,great value for money
146,"It's okay, does the job",3,neutral,home,okay job,"it's okay, does the job"
147,"It's okay, does the job",3,neutral,electronics,okay job,"it's okay, does the job"
148,Decent quality for the price,3,neutral,home,decent quality price,decent quality for the price
149,"Terrible product, broke after one use",2,negative,electronics,terrible product broke one use,"terrible product, broke after one use"
150,"I love it, will definitely buy again",5,positive,electronics,love definitely buy,"i love it, will definitely buy again"
151,It works as expected,3,neutral,home,work expected,it works as expected
152,Works perfectly and arrived quickly,4,positive,electronics,work perfectly arrived quickly,works perfectly and arrived quickly
153,Decent quality for the price,3,neutral,home,decent quality price,decent quality for the price
154,Customer service was awful,1,negative,electronics,customer service awful,customer service was awful
155,It works as expected,3,neutral,fashion,work expected,it works as expected
156,Customer service was awful,1,negative,fashion,customer service awful,customer service was awful
157,Works perfectly and arrived quickly,5,positive,home,work perfectly arrived quickly,works perfectly and arrived quickly
158,Works perfectly and arrived quickly,5,positive,home,work perfectly arrived quickly,works perfectly and arrived quickly
159,Not bad but not great either,3,neutral,fashion,bad great either,not bad but not great either
160,Decent quality for the price,3,neutral,fashion,decent quality price,decent quality for the price
161,Decent quality for the price,3,neutral,fashion,decent quality price,decent quality for the price
162,Customer service was awful,2,negative,electronics,customer service awful,customer service was awful
163,"Excellent product, very satisfied with the quality",4,positive,electronics,excellent product satisfied quality,"excellent product, very satisfied with the quality"
164,"Excellent product, very satisfied with the quality",5,positive,home,excellent product satisfied quality,"excellent product, very satisfied with the quality"
165,It works as expected,3,neutral,home,work expected,it works as expected
166,"Excellent product, very satisfied with the quality",4,positive,fashion,excellent product satisfied quality,"excellent product, very satisfied with the quality"
167,"It's okay, does the job",3,neutral,home,okay job,"it's okay, does the job"
168,It works as expected,3,neutral,fashion,work expected,it works as expected
169,Decent quality for the price,3,neutral,home,decent quality price,decent quality for the price
170,"Excellent product, very satisfied with the quality",4,positive,fashion,excellent product satisfied quality,"excellent product, very satisfied with the quality"
171,Customer service was awful,1,negative,electronics,customer service awful,customer service was awful
172,"Excellent product, very satisfied with the quality",4,positive,home,excellent product satisfied quality,"excellent product, very satisfied with the quality"
173,"Amazing experience, highly recommend this",5,positive,fashion,amazing experience highly recommend,"amazing experience, highly recommend this"
174,Very disappointed with the quality,2,negative,fashion,disappointed quality,very disappointed with the quality
175,Not bad but not great either,3,neutral,home,bad great either,not bad but not great either
176,"Terrible product, broke after one use",2,negative,home,terrible product broke one use,"terrible product, broke after one use"
177,"Excellent product, very satisfied with the quality",4,positive,fashion,excellent product satisfied quality,"excellent product, very satisfied with the quality"
178,Works perfectly and arrived quickly,4,positive,home,work perfectly arrived quickly,works perfectly and arrived quickly
179,"Waste of money, not recommended",2,negative,home,waste money recommended,"waste of money, not recommended"
180,It works as expected,3,neutral,electronics,work expected,it works as expected
181,Decent quality for the price,3,neutral,electronics,decent quality price,decent quality for the price
182,"It's okay, does the job",3,neutral,home,okay job,"it's okay, does the job"
183,Great value for money,5,positive,electronics,great value money,great value for money
184,It works as expected,3,neutral,electronics,work expected,it works as expected
185,It works as expected,3,neutral,home,work expected,it works as expected
186,"Terrible product, broke after one use",2,negative,electronics,terrible product broke one use,"terrible product, broke after one use"
187,"Amazing experience, highly recommend this",4,positive,electronics,amazing experience highly recommend,"amazing experience, highly recommend this"
188,"Amazing experience, highly recommend this",5,positive,home,amazing experience highly recommend,"amazing experience, highly recommend this"
189,"Average product, nothing special",3,neutral,home,average product nothing special,"average product, nothing special"
190,"Terrible product, broke after one use",2,negative,fashion,terrible product broke one use,"terrible product, broke after one use"
191,"Average product, nothing special",3,neutral,electronics,average product nothing special,"average product, nothing special"
192,"Waste of money, not recommended",1,negative,electronics,waste money recommended,"waste of money, not recommended"
193,"Excellent product, very satisfied with the quality",4,positive,home,excellent product satisfied quality,"excellent product, very satisfied with the quality"
194,Poor performance and bad design,2,negative,fashion,poor performance bad design,poor performance and bad design
195,Very disappointed with the quality,1,negative,home,disappointed quality,very disappointed with the quality
196,"Terrible product, broke after one use",2,negative,home,terrible product broke one use,"terrible product, broke after one use"
197,Works perfectly and arrived quickly,5,positive,home,work perfectly arrived quickly,works perfectly and arrived quickly
198,"It's okay, does the job",3,neutral,fashion,okay job,"it's okay, does the job"
199,Not bad but not great either,3,neutral,home,bad great either,not bad but not great either
200,Not bad but not great either,3,neutral,home,bad great either,not bad but not great either
201,"It's okay, does the job",3,neutral,electronics,okay job,"it's okay, does the job"
202,"It's okay, does the job",3,neutral,fashion,okay job,"it's okay, does the job"
203,Customer service was awful,2,negative,electronics,customer service awful,customer service was awful
204,Decent quality for the price,3,neutral,fashion,decent quality price,decent quality for the price
205,Customer service was awful,1,negative,fashion,customer service awful,customer service was awful
206,"Terrible product, broke after one use",1,negative,home,terrible product broke one use,"terrible product, broke after one use"
207,It works as expected,3,neutral,fashion,work expected,it works as expected
208,Very disappointed with the quality,1,negative,electronics,disappointed quality,very disappointed with the quality
209,"Amazing experience, highly recommend this",4,positive,electronics,amazing experience highly recommend,"amazing experience, highly recommend this"
210,Very disappointed with the quality,1,negative,electronics,disappointed quality,very disappointed with the quality
211,"Amazing experience, highly recommend this",5,positive,home,amazing experience highly recommend,"amazing experience, highly recommend this"
212,"Amazing experience, highly recommend this",5,positive,home,amazing experience highly recommend,"amazing experience, highly recommend this"
213,Decent quality for the price,3,neutral,fashion,decent quality price,decent quality for the price
214,"It's okay, does the job",3,neutral,home,okay job,"it's okay, does the job"
215,"Excellent product, very satisfied with the quality",5,positive,electronics,excellent product satisfied quality,"excellent product, very satisfied with the quality"
216,"It's okay, does the job",3,neutral,fashion,okay job,"it's okay, does the job"
217,Poor performance and bad design,1,negative,electronics,poor performance bad design,poor performance and bad design
218,Poor performance and bad design,2,negative,home,poor performance bad design,poor performance and bad design
219,"Average product, nothing special",3,neutral,fashion,average product nothing special,"average product, nothing special"
220,Not bad but not great either,3,neutral,home,bad great either,not bad but not great either
221,"Excellent product, very satisfied with the quality",4,positive,electronics,excellent product satisfied quality,"excellent product, very satisfied with the quality"
222,Decent quality for the price,3,neutral,home,decent quality price,decent quality for the price
223,"It's okay, does the job",3,neutral,fashion,okay job,"it's okay, does the job"
224,"It's okay, does the job",3,neutral,electronics,okay job,"it's okay, does the job"
225,Very disappointed with the quality,2,negative,fashion,disappointed quality,very disappointed with the quality
226,Not bad but not great either,3,neutral,home,bad great either,not bad but not great either
227,"Waste of money, not recommended",2,negative,home,waste money recommended,"waste of money, not recommended"
228,Customer service was awful,1,negative,home,customer service awful,customer service was awful
229,"Excellent product, very satisfied with the quality",5,positive,electronics,excellent product satisfied quality,"excellent product, very satisfied with the quality"
230,Very disappointed with the quality,2,negative,fashion,disappointed quality,very disappointed with the quality
231,Poor performance and bad design,2,negative,electronics,poor performance bad design,poor performance and bad design
232,Not bad but not great either,3,neutral,electronics,bad great either,not bad but not great either
233,Great value for money,5,positive,electronics,great value money,great value for money
234,Customer service was awful,2,negative,home,customer service awful,customer service was awful
235,"I love it, will definitely buy again",4,positive,home,love definitely buy,"i love it, will definitely buy again"
236,Decent quality for the price,3,neutral,home,decent quality price,decent quality for the price
237,Poor performance and bad design,2,negative,fashion,poor performance bad design,poor performance and bad design
238,Very disappointed with the quality,2,negative,electronics,disappointed quality,very disappointed with the quality
239,Decent quality for the price,3,neutral,home,decent quality price,decent quality for the price
240,"It's okay, does the job",3,neutral,fashion,okay job,"it's okay, does the job"
241,Very disappointed with the quality,1,negative,home,disappointed quality,very disappointed with the quality
242,Very disappointed with the quality,1,negative,electronics,disappointed quality,very disappointed with the quality
243,"Terrible product, broke after one use",2,negative,electronics,terrible product broke one use,"terrible product, broke after one use"
244,"Waste of money, not recommended",2,negative,home,waste money recommended,"waste of money, not recommended"
245,"It's okay, does the job",3,neutral,fashion,okay job,"it's okay, does the job"
246,It works as expected,3,neutral,home,work expected,it works as expected
247,"Average product, nothing special",3,neutral,home,average product nothing special,"average product, nothing special"
248,Works perfectly and arrived quickly,4,positive,electronics,work perfectly arrived quickly,works perfectly and arrived quickly
249,"I love it, will definitely buy again",4,positive,electronics,love definitely buy,"i love it, will definitely buy again"
250,"Excellent product, very satisfied with the quality",4,positive,home,excellent product satisfied quality,"excellent product, very satisfied with the quality"
251,Poor performance and bad design,1,negative,fashion,poor performance bad design,poor performance and bad design
252,Great value for money,4,positive,home,great value money,great value for money
253,"Terrible product, broke after one use",2,negative,home,terrible product broke one use,"terrible product, broke after one use"
254,Not bad but not great either,3,neutral,fashion,bad great either,not bad but not great either
255,"It's okay, does the job",3,neutral,electronics,okay job,"it's okay, does the job"
256,Not bad but not great either,3,neutral,electronics,bad great either,not bad but not great either
257,Great value for money,5,positive,home,great value money,great value for money
258,Not bad but not great either,3,neutral,fashion,bad great either,not bad but not great either
259,"I love it, will definitely buy again",4,positive,home,love definitely buy,"i love it, will definitely buy again"
260,"It's okay, does the job",3,neutral,home,okay job,"it's okay, does the job"
261,"Excellent product, very satisfied with the quality",5,positive,home,excellent product satisfied quality,"excellent product, very satisfied with the quality"
262,Works perfectly and arrived quickly,4,positive,home,work perfectly arrived quickly,works perfectly and arrived quickly
263,Poor performance and bad design,1,negative,home,poor performance bad design,poor performance and bad design
264,"I love it, will definitely buy again",4,positive,fashion,love definitely buy,"i love it, will definitely buy again"
265,"Waste of money, not recommended",2,negative,home,waste money recommended,"waste of money, not recommended"
266,"Amazing experience, highly recommend this",5,positive,fashion,amazing experience highly recommend,"amazing experience, highly recommend this"
267,Great value for money,5,positive,home,great value money,great value for money
268,Customer service was awful,1,negative,home,customer service awful,customer service was awful
269,"Excellent product, very satisfied with the quality",4,positive,electronics,excellent product satisfied quality,"excellent product, very satisfied with the quality"
270,"Average product, nothing special",3,neutral,fashion,average product nothing special,"average product, nothing special"
271,Works perfectly and arrived quickly,4,positive,home,work perfectly arrived quickly,works perfectly and arrived quickly
272,Great value for money,4,positive,electronics,great value money,great value for money
273,"Terrible product, broke after one use",1,negative,home,terrible product broke one use,"terrible product, broke after one use"
274,"Waste of money, not recommended",2,negative,home,waste money recommended,"waste of money, not recommended"
275,Not bad but not great either,3,neutral,home,bad great either,not bad but not great either
276,"Average product, nothing special",3,neutral,fashion,average product nothing special,"average product, nothing special"
277,Customer service was awful,2,negative,electronics,customer service awful,customer service was awful
278,"Terrible product, broke after one use",2,negative,fashion,terrible product broke one use,"terrible product, broke after one use"
279,Decent quality for the price,3,neutral,electronics,decent quality price,decent quality for the price
280,Very disappointed with the quality,2,negative,home,disappointed quality,very disappointed with the quality
281,It works as expected,3,neutral,home,work expected,it works as expected
282,Very disappointed with the quality,2,negative,fashion,disappointed quality,very disappointed with the quality
283,Not bad but not great either,3,neutral,electronics,bad great either,not bad but not great either
284,"Waste of money, not recommended",2,negative,fashion,waste money recommended,"waste of money, not recommended"
285,Decent quality for the price,3,neutral,home,decent quality price,decent quality for the price
286,"Amazing experience, highly recommend this",4,positive,fashion,amazing experience highly recommend,"amazing experience, highly recommend this"
287,Customer service was awful,2,negative,electronics,customer service awful,customer service was awful
288,Customer service was awful,2,negative,home,customer service awful,customer service was awful
289,Great value for money,4,positive,home,great value money,great value for money
290,"Amazing experience, highly recommend this",5,positive,electronics,amazing experience highly recommend,"amazing experience, highly recommend this"
291,"Terrible product, broke after one use",1,negative,fashion,terrible product broke one use,"terrible product, broke after one use"
292,"Amazing experience, highly recommend this",5,positive,fashion,amazing experience highly recommend,"amazing experience, highly recommend this"
293,"Excellent product, very satisfied with the quality",4,positive,electronics,excellent product satisfied quality,"excellent product, very satisfied with the quality"
294,"Average product, nothing special",3,neutral,fashion,average product nothing special,"average product, nothing special"
295,Great value for money,4,positive,home,great value money,great value for money
296,"I love it, will definitely buy again",5,positive,home,love definitely buy,"i love it, will definitely buy again"
297,"Excellent product, very satisfied with the quality",4,positive,electronics,excellent product satisfied quality,"excellent product, very satisfied with the quality"
298,Very disappointed with the quality,2,negative,home,disappointed quality,very disappointed with the quality
299,Very disappointed with the quality,2,negative,home,disappointed quality,very disappointed with the quality
300,"I love it, will definitely buy again",5,positive,electronics,love definitely buy,"i love it, will definitely buy again"
301,"Waste of money, not recommended",1,negative,fashion,waste money recommended,"waste of money, not recommended"
302,Decent quality for the price,3,neutral,fashion,decent quality price,decent quality for the price
303,Very disappointed with the quality,1,negative,home,disappointed quality,very disappointed with the quality
304,"Excellent product, very satisfied with the quality",5,positive,electronics,excellent product satisfied quality,"excellent product, very satisfied with the quality"
305,"It's okay, does the job",3,neutral,electronics,okay job,"it's okay, does the job"
306,Decent quality for the price,3,neutral,fashion,decent quality price,decent quality for the price
307,Great value for money,4,positive,home,great value money,great value for money
308,Not bad but not great either,3,neutral,electronics,bad great either,not bad but not great either
309,It works as expected,3,neutral,home,work expected,it works as expected
310,"Excellent product, very satisfied with the quality",4,positive,home,excellent product satisfied quality,"excellent product, very satisfied with the quality"
311,Poor performance and bad design,2,negative,electronics,poor performance bad design,poor performance and bad design
312,"It's okay, does the job",3,neutral,fashion,okay job,"it's okay, does the job"
313,"Excellent product, very satisfied with the quality",4,positive,fashion,excellent product satisfied quality,"excellent product, very satisfied with the quality"
314,Customer service was awful,1,negative,electronics,customer service awful,customer service was awful
315,"It's okay, does the job",3,neutral,home,okay job,"it's okay, does the job"
316,"Excellent product, very satisfied with the quality",4,positive,electronics,excellent product satisfied quality,"excellent product, very satisfied with the quality"
317,Very disappointed with the quality,2,negative,electronics,disappointed quality,very disappointed with the quality
318,"Excellent product, very satisfied with the quality",4,positive,home,excellent product satisfied quality,"excellent product, very satisfied with the quality"
319,Customer service was awful,1,negative,fashion,customer service awful,customer service was awful
320,Very disappointed with the quality,1,negative,fashion,disappointed quality,very disappointed with the quality
321,"Terrible product, broke after one use",2,negative,electronics,terrible product broke one use,"terrible product, broke after one use"
322,"Terrible product, broke after one use",1,negative,fashion,terrible product broke one use,"terrible product, broke after one use"
323,Customer service was awful,2,negative,home,customer service awful,customer service was awful
324,Decent quality for the price,3,neutral,home,decent quality price,decent quality for the price
325,"Terrible product, broke after one use",2,negative,fashion,terrible product broke one use,"terrible product, broke after one use"
326,"It's okay, does the job",3,neutral,fashion,okay job,"it's okay, does the job"
327,Not bad but not great either,3,neutral,fashion,bad great either,not bad but not great either
328,"Waste of money, not recommended",1,negative,fashion,waste money recommended,"waste of money, not recommended"
329,"Average product, nothing special",3,neutral,electronics,average product nothing special,"average product, nothing special"
330,Customer service was awful,2,negative,home,customer service awful,customer service was awful
331,Not bad but not great either,3,neutral,electronics,bad great either,not bad but not great either
332,Works perfectly and arrived quickly,4,positive,home,work perfectly arrived quickly,works perfectly and arrived quickly
333,Very disappointed with the quality,2,negative,fashion,disappointed quality,very disappointed with the quality
334,"I love it, will definitely buy again",5,positive,electronics,love definitely buy,"i love it, will definitely buy again"
335,"Average product, nothing special",3,neutral,fashion,average product nothing special,"average product, nothing special"
336,Not bad but not great either,3,neutral,electronics,bad great either,not bad but not great either
337,"It's okay, does the job",3,neutral,fashion,okay job,"it's okay, does the job"
338,"Average product, nothing special",3,neutral,electronics,average product nothing special,"average product, nothing special"
339,"Terrible product, broke after one use",1,negative,home,terrible product broke one use,"terrible product, broke after one use"
340,Not bad but not great either,3,neutral,home,bad great either,not bad but not great either
341,"Average product, nothing special",3,neutral,fashion,average product nothing special,"average product, nothing special"
342,"I love it, will definitely buy again",5,positive,electronics,love definitely buy,"i love it, will definitely buy again"
343,"Average product, nothing special",3,neutral,home,average product nothing special,"average product, nothing special"
344,"Terrible product, broke after one use",1,negative,electronics,terrible product broke one use,"terrible product, broke after one use"
345,"Amazing experience, highly recommend this",5,positive,fashion,amazing experience highly recommend,"amazing experience, highly recommend this"
346,"Average product, nothing special",3,neutral,electronics,average product nothing special,"average product, nothing special"
347,"Terrible product, broke after one use",2,negative,electronics,terrible product broke one use,"terrible product, broke after one use"
348,Poor performance and bad design,1,negative,electronics,poor performance bad design,poor performance and bad design
349,Very disappointed with the quality,2,negative,electronics,disappointed quality,very disappointed with the quality
350,"I love it, will definitely buy again",5,positive,electronics,love definitely buy,"i love it, will definitely buy again"
351,Not bad but not great either,3,neutral,fashion,bad great either,not bad but not great either
352,Works perfectly and arrived quickly,4,positive,home,work perfectly arrived quickly,works perfectly and arrived quickly
353,Decent quality for the price,3,neutral,home,decent quality price,decent quality for the price
354,Poor performance and bad design,2,negative,fashion,poor performance bad design,poor performance and bad design
355,Very disappointed with the quality,1,negative,fashion,disappointed quality,very disappointed with the quality
356,"Amazing experience, highly recommend this",5,positive,home,amazing experience highly recommend,"amazing experience, highly recommend this"
357,Great value for money,4,positive,fashion,great value money,great value for money
358,Customer service was awful,1,negative,fashion,customer service awful,customer service was awful
359,"Waste of money, not recommended",1,negative,fashion,waste money recommended,"waste of money, not recommended"
360,It works as expected,3,neutral,electronics,work expected,it works as expected
361,"Terrible product, broke after one use",1,negative,home,terrible product broke one use,"terrible product, broke after one use"
362,"Terrible product, broke after one use",2,negative,fashion,terrible product broke one use,"terrible product, broke after one use"
363,Decent quality for the price,3,neutral,home,decent quality price,decent quality for the price
364,"Terrible product, broke after one use",1,negative,electronics,terrible product broke one use,"terrible product, broke after one use"
365,"Average product, nothing special",3,neutral,fashion,average product nothing special,"average product, nothing special"
366,"Terrible product, broke after one use",1,negative,electronics,terrible product broke one use,"terrible product, broke after one use"
367,"Excellent product, very satisfied with the quality",4,positive,electronics,excellent product satisfied quality,"excellent product, very satisfied with the quality"
368,"Waste of money, not recommended",1,negative,home,waste money recommended,"waste of money, not recommended"
369,Poor performance and bad design,2,negative,fashion,poor performance bad design,poor performance and bad design
370,"Waste of money, not recommended",2,negative,fashion,waste money recommended,"waste of money, not recommended"
371,"I love it, will definitely buy again",4,positive,electronics,love definitely buy,"i love it, will definitely buy again"
372,"Amazing experience, highly recommend this",4,positive,electronics,amazing experience highly recommend,"amazing experience, highly recommend this"
373,Decent quality for the price,3,neutral,home,decent quality price,decent quality for the price
374,Not bad but not great either,3,neutral,home,bad great either,not bad but not great either
375,Very disappointed with the quality,2,negative,home,disappointed quality,very disappointed with the quality
376,Decent quality for the price,3,neutral,home,decent quality price,decent quality for the price
377,Great value for money,4,positive,fashion,great value money,great value for money
378,"Average product, nothing special",3,neutral,home,average product nothing special,"average product, nothing special"
379,"I love it, will definitely buy again",5,positive,fashion,love definitely buy,"i love it, will definitely buy again"
380,"I love it, will definitely buy again",4,positive,electronics,love definitely buy,"i love it, will definitely buy again"
381,It works as expected,3,neutral,electronics,work expected,it works as expected
382,"Terrible product, broke after one use",1,negative,home,terrible product broke one use,"terrible product, broke after one use"
383,"Waste of money, not recommended",2,negative,fashion,waste money recommended,"waste of money, not recommended"
384,"Waste of money, not recommended",1,negative,home,waste money recommended,"waste of money, not recommended"
385,"Excellent product, very satisfied with the quality",5,positive,electronics,excellent product satisfied quality,"excellent product, very satisfied with the quality"
386,Very disappointed with the quality,1,negative,home,disappointed quality,very disappointed with the quality
387,It works as expected,3,neutral,fashion,work expected,it works as expected
388,Great value for money,5,positive,fashion,great value money,great value for money
389,Customer service was awful,2,negative,electronics,customer service awful,customer service was awful
390,Poor performance and bad design,1,negative,electronics,poor performance bad design,poor performance and bad design
391,Poor performance and bad design,1,negative,electronics,poor performance bad design,poor performance and bad design
392,Very disappointed with the quality,2,negative,electronics,disappointed quality,very disappointed with the quality
393,Decent quality for the price,3,neutral,home,decent quality price,decent quality for the price
394,"Excellent product, very satisfied with the quality",5,positive,home,excellent product satisfied quality,"excellent product, very satisfied with the quality"
395,Works perfectly and arrived quickly,4,positive,electronics,work perfectly arrived quickly,works perfectly and arrived quickly
396,"Waste of money, not recommended",1,negative,electronics,waste money recommended,"waste of money, not recommended"
397,"Terrible product, broke after one use",2,negative,electronics,terrible product broke one use,"terrible product, broke after one use"
398,Poor performance and bad design,1,negative,home,poor performance bad design,poor performance and bad design
399,Poor performance and bad design,1,negative,fashion,poor performance bad design,poor performance and bad design
400,Not bad but not great either,3,neutral,fashion,bad great either,not bad but not great either
401,"Average product, nothing special",3,neutral,electronics,average product nothing special,"average product, nothing special"
402,"Terrible product, broke after one use",1,negative,electronics,terrible product broke one use,"terrible product, broke after one use"
403,Very disappointed with the quality,2,negative,fashion,disappointed quality,very disappointed with the quality
404,"I love it, will definitely buy again",5,positive,home,love definitely buy,"i love it, will definitely buy again"
405,"It's okay, does the job",3,neutral,home,okay job,"it's okay, does the job"
406,"Terrible product, broke after one use",2,negative,home,terrible product broke one use,"terrible product, broke after one use"
407,Works perfectly and arrived quickly,5,positive,home,work perfectly arrived quickly,works perfectly and arrived quickly
408,Great value for money,4,positive,electronics,great value money,great value for money
409,Not bad but not great either,3,neutral,home,bad great either,not bad but not great either
410,"Average product, nothing special",3,neutral,fashion,average product nothing special,"average product, nothing special"
411,"Average product, nothing special",3,neutral,electronics,average product nothing special,"average product, nothing special"
412,Not bad but not great either,3,neutral,fashion,bad great either,not bad but not great either
413,Works perfectly and arrived quickly,5,positive,home,work perfectly arrived quickly,works perfectly and arrived quickly
414,"Waste of money, not recommended",2,negative,fashion,waste money recommended,"waste of money, not recommended"
415,Works perfectly and arrived quickly,4,positive,electronics,work perfectly arrived quickly,works perfectly and arrived quickly
416,"It's okay, does the job",3,neutral,fashion,okay job,"it's okay, does the job"
417,Decent quality for the price,3,neutral,electronics,decent quality price,decent quality for the price
418,It works as expected,3,neutral,fashion,work expected,it works as expected
419,Works perfectly and arrived quickly,4,positive,fashion,work perfectly arrived quickly,works perfectly and arrived quickly
420,Very disappointed with the quality,2,negative,fashion,disappointed quality,very disappointed with the quality
421,"Terrible product, broke after one use",2,negative,home,terrible product broke one use,"terrible product, broke after one use"
422,"Terrible product, broke after one use",2,negative,home,terrible product broke one use,"terrible product, broke after one use"
423,"Amazing experience, highly recommend this",5,positive,electronics,amazing experience highly recommend,"amazing experience, highly recommend this"
424,"Average product, nothing special",3,neutral,home,average product nothing special,"average product, nothing special"
425,Customer service was awful,2,negative,home,customer service awful,customer service was awful
426,"It's okay, does the job",3,neutral,fashion,okay job,"it's okay, does the job"
427,"Terrible product, broke after one use",1,negative,home,terrible product broke one use,"terrible product, broke after one use"
428,"Excellent product, very satisfied with the quality",5,positive,fashion,excellent product satisfied quality,"excellent product, very satisfied with the quality"
429,Not bad but not great either,3,neutral,electronics,bad great either,not bad but not great either
430,"I love it, will definitely buy again",5,positive,home,love definitely buy,"i love it, will definitely buy again"
431,Poor performance and bad design,2,negative,electronics,poor performance bad design,poor performance and bad design
432,"I love it, will definitely buy again",5,positive,home,love definitely buy,"i love it, will definitely buy again"
433,Poor performance and bad design,1,negative,electronics,poor performance bad design,poor performance and bad design
434,"Terrible product, broke after one use",1,negative,fashion,terrible product broke one use,"terrible product, broke after one use"
435,"Terrible product, broke after one use",2,negative,fashion,terrible product broke one use,"terrible product, broke after one use"
436,"Terrible product, broke after one use",1,negative,home,terrible product broke one use,"terrible product, broke after one use"
437,Customer service was awful,1,negative,electronics,customer service awful,customer service was awful
438,"Excellent product, very satisfied with the quality",5,positive,electronics,excellent product satisfied quality,"excellent product, very satisfied with the quality"
439,"I love it, will definitely buy again",5,positive,home,love definitely buy,"i love it, will definitely buy again"
440,It works as expected,3,neutral,electronics,work expected,it works as expected
441,Decent quality for the price,3,neutral,electronics,decent quality price,decent quality for the price
442,"I love it, will definitely buy again",5,positive,electronics,love definitely buy,"i love it, will definitely buy again"
443,"Excellent product, very satisfied with the quality",4,positive,home,excellent product satisfied quality,"excellent product, very satisfied with the quality"
444,"Average product, nothing special",3,neutral,home,average product nothing special,"average product, nothing special"
445,Great value for money,4,positive,home,great value money,great value for money
446,"I love it, will definitely buy again",4,positive,fashion,love definitely buy,"i love it, will definitely buy again"
447,Very disappointed with the quality,2,negative,fashion,disappointed quality,very disappointed with the quality
448,It works as expected,3,neutral,electronics,work expected,it works as expected
449,Great value for money,5,positive,electronics,great value money,great value for money
450,Works perfectly and arrived quickly,4,positive,fashion,work perfectly arrived quickly,works perfectly and arrived quickly
451,Poor performance and bad design,1,negative,electronics,poor performance bad design,poor performance and bad design
452,"It's okay, does the job",3,neutral,fashion,okay job,"it's okay, does the job"
453,"Waste of money, not recommended",1,negative,electronics,waste money recommended,"waste of money, not recommended"
454,"I love it, will definitely buy again",4,positive,electronics,love definitely buy,"i love it, will definitely buy again"
455,"Terrible product, broke after one use",1,negative,home,terrible product broke one use,"terrible product, broke after one use"
456,"Average product, nothing special",3,neutral,electronics,average product nothing special,"average product, nothing special"
457,"Waste of money, not recommended",2,negative,home,waste money recommended,"waste of money, not recommended"
458,"Excellent product, very satisfied with the quality",4,positive,electronics,excellent product satisfied quality,"excellent product, very satisfied with the quality"
459,Not bad but not great either,3,neutral,electronics,bad great either,not bad but not great either
460,"Average product, nothing special",3,neutral,electronics,average product nothing special,"average product, nothing special"
461,"Excellent product, very satisfied with the quality",5,positive,fashion,excellent product satisfied quality,"excellent product, very satisfied with the quality"
462,"Terrible product, broke after one use",2,negative,fashion,terrible product broke one use,"terrible product, broke after one use"
463,"Average product, nothing special",3,neutral,home,average product nothing special,"average product, nothing special"
464,It works as expected,3,neutral,electronics,work expected,it works as expected
465,Very disappointed with the quality,2,negative,electronics,disappointed quality,very disappointed with the quality
466,Customer service was awful,1,negative,electronics,customer service awful,customer service was awful
467,Customer service was awful,1,negative,home,customer service awful,customer service was awful
468,Customer service was awful,1,negative,fashion,customer service awful,customer service was awful
469,Decent quality for the price,3,neutral,fashion,decent quality price,decent quality for the price
470,"Amazing experience, highly recommend this",4,positive,electronics,amazing experience highly recommend,"amazing experience, highly recommend this"
471,Very disappointed with the quality,1,negative,home,disappointed quality,very disappointed with the quality
472,Works perfectly and arrived quickly,4,positive,electronics,work perfectly arrived quickly,works perfectly and arrived quickly
473,Decent quality for the price,3,neutral,electronics,decent quality price,decent quality for the price
474,"I love it, will definitely buy again",4,positive,fashion,love definitely buy,"i love it, will definitely buy again"
475,"Waste of money, not recommended",2,negative,electronics,waste money recommended,"waste of money, not recommended"
476,Very disappointed with the quality,2,negative,home,disappointed quality,very disappointed with the quality
477,Great value for money,5,positive,home,great value money,great value for money
478,Very disappointed with the quality,1,negative,home,disappointed quality,very disappointed with the quality
479,Works perfectly and arrived quickly,5,positive,home,work perfectly arrived quickly,works perfectly and arrived quickly
480,Not bad but not great either,3,neutral,home,bad great either,not bad but not great either
481,Great value for money,5,positive,home,great value money,great value for money
482,"It's okay, does the job",3,neutral,home,okay job,"it's okay, does the job"
483,"It's okay, does the job",3,neutral,electronics,okay job,"it's okay, does the job"
484,Customer service was awful,2,negative,electronics,customer service awful,customer service was awful
485,Works perfectly and arrived quickly,4,positive,fashion,work perfectly arrived quickly,works perfectly and arrived quickly
486,Customer service was awful,2,negative,electronics,customer service awful,customer service was awful
487,Not bad but not great either,3,neutral,fashion,bad great either,not bad but not great either
488,Great value for money,5,positive,electronics,great value money,great value for money
489,Great value for money,4,positive,fashion,great value money,great value for money
490,"Average product, nothing special",3,neutral,fashion,average product nothing special,"average product, nothing special"
491,Not bad but not great either,3,neutral,fashion,bad great either,not bad but not great either
492,"It's okay, does the job",3,neutral,electronics,okay job,"it's okay, does the job"
493,"Waste of money, not recommended",2,negative,home,waste money recommended,"waste of money, not recommended"
494,Works perfectly and arrived quickly,4,positive,fashion,work perfectly arrived quickly,works perfectly and arrived quickly
495,Customer service was awful,1,negative,fashion,customer service awful,customer service was awful
496,"Excellent product, very satisfied with the quality",5,positive,electronics,excellent product satisfied quality,"excellent product, very satisfied with the quality"
497,Not bad but not great either,3,neutral,electronics,bad great either,not bad but not great either
498,It works as expected,3,neutral,home,work expected,it works as expected
499,"Waste of money, not recommended",1,negative,home,waste money recommended,"waste of money, not recommended"
500,Decent quality for the price,3,neutral,fashion,decent quality price,decent quality for the price
